{"cameraMode":{"drawMode":0,"name":"Shaded","section":"Shading Mode"},"sceneLighting":false,"audioPlay":false,"sceneViewState":{"showFog":true,"showMaterialUpdate":false,"showSkybox":false,"showFlares":true,"showImageEffects":true,"showParticleSystems":true},"in2DMode":false,"pivot":{"x":-6.616992950439453,"y":-10.463741302490235,"z":19.920734405517579},"rotation":{"x":0.45747828483581545,"y":-0.5239959359169006,"z":0.4032345116138458,"w":0.5946586728096008},"size":26.551740646362306,"orthographic":false}