{"cameraMode":{"drawMode":0,"name":"Shaded","section":"Shading Mode"},"sceneLighting":true,"audioPlay":false,"sceneViewState":{"showFog":true,"showMaterialUpdate":false,"showSkybox":true,"showFlares":true,"showImageEffects":true,"showParticleSystems":true},"in2DMode":false,"pivot":{"x":-2.816378593444824,"y":0.7821941375732422,"z":-4.033170700073242},"rotation":{"x":0.25589999556541445,"y":0.6762017607688904,"z":-0.2721250057220459,"w":0.6350744962692261},"size":6.828943252563477,"orthographic":false}