{"cameraMode":{"drawMode":0,"name":"Shaded","section":"Shading Mode"},"sceneLighting":false,"audioPlay":false,"sceneViewState":{"showFog":true,"showMaterialUpdate":false,"showSkybox":false,"showFlares":true,"showImageEffects":true,"showParticleSystems":true},"in2DMode":false,"pivot":{"x":-3.467405319213867,"y":-2.3814525604248049,"z":10.867767333984375},"rotation":{"x":-0.24221567809581757,"y":0.03518782556056976,"z":-0.008812271058559418,"w":-0.9695705771446228},"size":0.21523816883563996,"orthographic":false}