{"cameraMode":{"drawMode":0,"name":"Shaded","section":"Shading Mode"},"sceneLighting":true,"audioPlay":false,"sceneViewState":{"showFog":true,"showMaterialUpdate":false,"showSkybox":true,"showFlares":true,"showImageEffects":true,"showParticleSystems":true},"in2DMode":false,"pivot":{"x":-0.487443208694458,"y":2.8349711894989015,"z":1.6991397142410279},"rotation":{"x":0.23678091168403626,"y":0.3221759498119354,"z":-0.08356795459985733,"w":0.9127807021141052},"size":3.413201332092285,"orthographic":false}