{"cameraMode":{"drawMode":0,"name":"Shaded","section":"Shading Mode"},"sceneLighting":false,"audioPlay":false,"sceneViewState":{"showFog":true,"showMaterialUpdate":false,"showSkybox":false,"showFlares":true,"showImageEffects":true,"showParticleSystems":true},"in2DMode":false,"pivot":{"x":-0.22929179668426515,"y":2.225144624710083,"z":0.2323920726776123},"rotation":{"x":0.20530952513217927,"y":0.23830276727676392,"z":-0.05161110684275627,"w":0.9478456377983093},"size":0.9536408185958862,"orthographic":false}