{"cameraMode":{"drawMode":0,"name":"Shaded","section":"Shading Mode"},"sceneLighting":false,"audioPlay":false,"sceneViewState":{"showFog":true,"showMaterialUpdate":false,"showSkybox":false,"showFlares":true,"showImageEffects":true,"showParticleSystems":true},"in2DMode":false,"pivot":{"x":0.000010251998901367188,"y":4.478053092956543,"z":37.38368606567383},"rotation":{"x":-0.29537805914878847,"y":0.6335737109184265,"z":-0.2854897081851959,"w":-0.6556784510612488},"size":5.365664482116699,"orthographic":false}