{"cameraMode":{"drawMode":0,"name":"Shaded","section":"Shading Mode"},"sceneLighting":true,"audioPlay":false,"sceneViewState":{"showFog":true,"showMaterialUpdate":false,"showSkybox":true,"showFlares":true,"showImageEffects":true,"showParticleSystems":true},"in2DMode":false,"pivot":{"x":0.35953640937805178,"y":-6.59040641784668,"z":8.099614143371582},"rotation":{"x":-0.4286486506462097,"y":0.09779062122106552,"z":-0.046733930706977847,"w":-0.8969465494155884},"size":19.615209579467775,"orthographic":false}